ENCOUNTERCLASS,total_encounters,avg_los_hours,median_los_hours,avg_los_days,median_los_days
inpatient,1135,36.841585903083704,24.0,1.5350660792951543,1.0
ambulatory,12537,9.479417634911771,0.25,0.3949757347879904,0.0104166666666666
outpatient,6300,5.875871957671958,0.25,0.2448279982363315,0.0104166666666666
emergency,2322,1.5417553115130636,1.0,0.06423980464637757,0.0416666666666666
urgentcare,3666,0.25,0.25,0.0104166666666666,0.0104166666666666
wellness,1931,0.25,0.25,0.0104166666666666,0.0104166666666666
