age_group,total_encounters,unique_patients,avg_claim_cost,total_claim_cost,avg_length_of_stay_hours
65+,18626,548,3345.0761075915384,62305387.58,3.0030782538148584
51-65,3616,268,2478.662848451327,8962844.86,5.481097744591937
36-50,3208,263,4013.0135224438905,12873747.38,8.74238812690496
19-35,2441,141,7116.917533797624,17372395.7,40.497866425417634
