ENCOUNTERCLASS,total_encounters,avg_base_cost,avg_claim_cost,avg_payer_coverage,avg_patient_cost,total_claim_cost,total_payer_coverage,total_patient_cost
inpatient,1135,113.67377092511013,7761.351841409692,3250.0131718061675,4511.338669603524,8809134.34,3688764.95,5120369.39
urgentcare,3666,142.58,6369.162564102564,834.3998172394981,5534.762746863066,23349349.96,3058909.73,20290440.23
emergency,2322,145.24830749354007,4629.651821705426,1398.2895219638242,3231.362299741602,10750051.53,3246828.27,7503223.26
wellness,1931,136.8,4260.710372863801,2289.875680994304,1970.8346918694976,8227431.73,4421749.94,3805681.79
ambulatory,12537,105.7290763340512,2894.108705431922,1029.2331299353912,1864.8755754965302,36283440.84,12903495.75,23379945.09
outpatient,6300,105.03977619047619,2237.296368253968,599.6441825396826,1637.6521857142857,14094967.12,3777758.35,10317208.77
