ENCOUNTERCLASS,total_encounters,unique_patients,total_revenue_proxy,avg_revenue_proxy,total_payer_coverage,total_patient_cost
ambulatory,12537,695,36283440.84,2894.108705431922,12903495.75,23379945.09
urgentcare,3666,247,23349349.96,6369.162564102564,3058909.73,20290440.23
outpatient,6300,624,14094967.12,2237.296368253968,3777758.35,10317208.77
emergency,2322,465,10750051.53,4629.651821705426,3246828.27,7503223.26
inpatient,1135,153,8809134.34,7761.351841409692,3688764.95,5120369.39
wellness,1931,209,8227431.73,4260.710372863801,4421749.94,3805681.79
